QID,score
1,0.7759071588516235
2,0.9187147617340088
3,0.69247967004776
