QID,score
1,0.7748024463653564
2,0.7163699865341187
3,0.7793545722961426
