QID,score
1,0.7179723978042603
2,0.7978930473327637
3,0.684650719165802
