QID,score
1,0.7744771242141724
2,0.7177971005439758
3,0.7415069341659546
